id,name,provider,country,country_code,eligible_nationalities,destinations,type,badge_class,coverage,coverage_label,deadline,eligibility_summary,short_summary,degree_levels,fields_of_study,academic_eligibility,english_requirement,other_eligibility,required_docs,application_method,cov_tuition,cov_stipend,cov_travel,cov_other,important_notes,competition,renewable,application_url,application_website_name,application_website_domain,is_official_source,link_status,link_notes,fallback_url
kasp,Custodian of the Two Holy Mosques Scholarship Program (KASP),Saudi Ministry of Education,Saudi Arabia,SA,sa,"United States, United Kingdom, Canada, Australia, France, Ireland, Germany, Netherlands, Spain, Italy, Switzerland",Government,badge-gov,full,Full ride,Annual (varies by track),Saudi nationals,"The flagship Saudi external scholarship program sending Saudi nationals to top global universities. Covers tuition, living, travel, and health insurance. Includes undergraduate degrees.","Undergraduate (+ Master's, PhD)","STEM, Medicine, Business, Law, Education, Tourism (aligned with Vision 2030)",Saudi secondary certificate or equivalent; competitive GPA required,IELTS or TOEFL (varies by track and university),Must be Saudi national; must obtain admission from approved university,Saudi national ID | Valid passport | Secondary school transcripts | University admission letter | IELTS/TOEFL scores | Personal statement,Online via Safeer portal,Fully covered,Monthly living allowance,Annual return flights,Health insurance + book allowance,Program aligned with Vision 2030 priorities. Scholarship renewable annually subject to academic progress.,High,Yes,https://moe.gov.sa/en/knowledgecenter/eservices/pages/ksp.aspx,Saudi Ministry of Education — KASP,moe.gov.sa,TRUE,verified,Official KASP scholarship page on moe.gov.sa,https://safeer2.moe.gov.sa
saudi-excellence,Saudi Excellence Track External Scholarship,Saudi Ministry of Education,Saudi Arabia,SA,sa,"United States, United Kingdom, Canada, Australia, France, Germany, Netherlands, Ireland",Government,badge-gov,full,Full ride,Annual (Dec–May window),Saudi nationals,An excellence track within KASP targeting top Saudi students for admission to the world's most prestigious universities. Includes undergraduate.,"Undergraduate (+ Master's, PhD)","Tourism, Hospitality, Business, HR, Sports Management, Environmental Sciences",Strong academic record; competitive secondary school GPA,IELTS or TOEFL required,Saudi national; unconditional admission from approved institution,National ID | Passport | Transcripts | Admission letter | English proficiency scores,Online via Ministry of Education portal,Fully covered,Monthly allowance,Annual flights,Health insurance,Specializations rotate annually based on national priorities.,Very High,Yes,https://moe.gov.sa/en/knowledgecenter/eservices/pages/ksp.aspx,Saudi MOE Excellence Track,moe.gov.sa,TRUE,verified,Official KASP page (Excellence Track is a sub-track),https://moe.gov.sa/en/education/pages/scholarship.aspx
saudi-health,Saudi Health Sector Scholarship Track,Saudi Ministry of Education,Saudi Arabia,SA,sa,"United States, United Kingdom, Canada, Australia, France, Germany, Netherlands, Ireland",Government,badge-gov,full,Full ride,Annual,Saudi nationals,A dedicated KASP scholarship track targeting health sector specialties. Includes undergraduate medical and health science degrees.,"Undergraduate (+ Master's, PhD, Residency)","Medicine, Nursing, Pharmacy, Dentistry, Health Sciences",Strong academic record in science track,IELTS or TOEFL required,Saudi national; admission to approved health program,National ID | Passport | Transcripts | Medical program admission | English scores,Via Safeer portal,Fully covered,Monthly allowance,Annual flights,Health insurance + equipment allowance,Priority given to specializations with national workforce gaps.,Very High,Yes,https://moe.gov.sa/en/education/pages/scholarship.aspx,Saudi MOE Scholarship Page,moe.gov.sa,TRUE,verified,Official MOE scholarship overview page,https://safeer2.moe.gov.sa
mohesr,UAE MOHESR Overseas Scholarship Program,Ministry of Higher Education and Scientific Research,United Arab Emirates,AE,ae,"United States, United Kingdom, Canada, Australia, France, Ireland, Germany, Netherlands, Spain, Italy, Switzerland",Government,badge-gov,full,Full ride,Rolling / Annual cycles,UAE nationals,The UAE federal scholarship program enabling Emirati nationals to study undergraduate degrees at approved top-ranked universities worldwide.,"Undergraduate (+ Master's, PhD)","Priority: STEM, Medicine, Education (broad range accepted)",Min 90% high school GPA for undergraduate,IELTS 6.0+ or TOEFL 80+,Must be UAE national; university must be on MOHESR approved list,Emirates ID | Passport | Official transcripts | University acceptance letter | IELTS/TOEFL score report | Personal statement,Online via MOHESR portal (USP),Fully covered,Monthly living allowance,Annual return flights,Health insurance + book allowance,"University must be ranked per MOHESR criteria (top 50 in field, top 100 in US/AU, top 200 in other countries, top 300 in non-English-speaking).",High,Yes,https://usp.mohesr.gov.ae/en/service-catalog/service/Scholarship,MOHESR Scholarship Services,usp.mohesr.gov.ae,TRUE,verified,Official MOHESR scholarship service page on USP portal,https://www.mohesr.gov.ae/En/EServices/ServiceCard/pages/scholarships.aspx
adek,ADEK Abu Dhabi Scholarship Program,Abu Dhabi Department of Education and Knowledge,United Arab Emirates,AE,ae,"United States, United Kingdom, Canada, Australia, France, Ireland, Germany, Netherlands, Spain, Italy, Switzerland",Government,badge-gov,full,Full ride,Annual cycle,Abu Dhabi Emiratis,Abu Dhabi's government scholarship for Emirati students from Abu Dhabi to study undergraduate degrees at top-ranked global universities.,Undergraduate (+ Master's),Priority fields aligned with Abu Dhabi Economic Vision,Competitive high school GPA,IELTS or TOEFL required,Must be Abu Dhabi resident Emirati,Emirates ID | Passport | Transcripts | Admission letter | English proficiency scores,Via ADEK or coordinated through MOHESR,Fully covered,Living allowance,Flights included,Health insurance,Specific eligibility may differ from federal MOHESR program.,High,Yes,,Not available,,FALSE,missing,No direct scholarship application page found on ADEK website,https://www.adek.gov.ae
uae-internal,UAE MOHESR Internal Higher Education Registration,Ministry of Higher Education and Scientific Research,United Arab Emirates,AE,ae,United Arab Emirates,Government,badge-gov,full,Full ride,Annual cycle,UAE nationals,"The MOHESR registration pathway for UAE nationals to attend federal higher education institutions within the UAE, with government-covered tuition.",Undergraduate,All available programs at UAE federal institutions,UAE secondary certificate (Thanawiya) or equivalent,EmSAT English or IELTS (varies by institution),Must be UAE national,Emirates ID | Secondary certificate | EmSAT scores | Passport,Via MOHESR NAPO platform,Covered at federal institutions,Not specified,Not applicable,Varies by institution,"Covers enrollment at federal UAE universities (UAEU, Zayed University, HCT, etc.).",Low,Yes,https://usp.mohesr.gov.ae/en/service-catalog/NAPO,MOHESR NAPO Registration,usp.mohesr.gov.ae,TRUE,verified,Official NAPO service page on USP portal,https://www.mohesr.gov.ae
kuwait-scholarship,Kuwait MOHE Scholarship Plan,Kuwait Ministry of Higher Education,Kuwait,KW,kw,"United States, United Kingdom, Canada, Australia, France, Germany, Netherlands, Ireland",Government,badge-gov,full,Full ride,Annual (Jun–Jul),Kuwaiti nationals,"The main annual scholarship plan of the Kuwait Ministry of Higher Education, sending Kuwaiti high school graduates to approved universities abroad for undergraduate study.",Undergraduate,Broad range per annual plan announcement,Kuwaiti secondary certificate; competitive GPA,Academic IELTS 5.0+ or TOEFL 45+ from Kuwait-approved centers,Kuwaiti national; secondary certificate validity max 2 years,Civil ID | High school transcripts | IELTS/TOEFL score | University admission letter certified by cultural office | Equivalence statement for foreign secondary certificates,Online via MOHE e-services portal,Fully covered,Monthly living allowance,Annual flights,Health insurance + book allowance,Students given one year from admission date to achieve required IELTS/TOEFL. Must not be registered at Kuwait University or private universities.,Medium,Yes,https://mohe.edu.kw/site/EN/eServices/ServiceDetails/1?PageID=3,Kuwait MOHE Scholarship Registration,mohe.edu.kw,TRUE,verified,Official scholarship plan registration page on MOHE portal,https://www.mohe.edu.kw/site/en/home/
kuwait-merit,Kuwait Merit Scholarships Program,Kuwait Ministry of Higher Education,Kuwait,KW,kw,"United States, United Kingdom, Canada, Australia",Government,badge-gov,full,Full ride,Annual,Kuwaiti nationals,A competitive program sponsoring outstanding Kuwaiti students at the world's most distinguished universities for undergraduate study.,Undergraduate,Per approved merit university list,Outstanding secondary school record,Academic IELTS 5.0+ or TOEFL 45+,Must have acceptance from distinguished university per MOHE list,Civil ID | Transcripts | IELTS/TOEFL | Admission from distinguished university | Cultural office certification,Online via MOHE e-services,Fully covered,Enhanced monthly allowance,Annual flights,Full benefits package,Governed by Ministerial Resolution No. 73 (2021). Distinguished university lists available at nbaq.edu.kw.,Very High,Yes,https://www.mohe.edu.kw/site/en/eServices/ServiceDetails/6?PageID=3,Kuwait MOHE Merit Scholarships,mohe.edu.kw,TRUE,verified,Official merit scholarship service page on MOHE portal,https://www.mohe.edu.kw/site/en/home/
kuwait-medical,Kuwait Direct Medical Mission Scholarships,Kuwait Ministry of Higher Education,Kuwait,KW,kw,"United States, United Kingdom, Canada, Australia",Government,badge-gov,full,Full ride,Annual,Kuwaiti nationals,A specialized track for Kuwaiti students to pursue undergraduate medical degrees at distinguished universities abroad.,Undergraduate (Medical),"Medicine, Dentistry, Pharmacy, Health Sciences",Kuwaiti secondary certificate; competitive GPA in science track,Academic IELTS 5.0+ or TOEFL 45+,Must not hold a university degree; must not be enrolled elsewhere,Civil ID | Transcripts | IELTS/TOEFL | Medical program admission | Cultural office certification,Online via MOHE e-services,Fully covered,Monthly allowance,Flights,Full benefits,Applicants must have admission certified by cultural office in scholarship country.,Very High,Yes,https://mohe.edu.kw/site/en/eservices/servicedetails/14?pageid=3,Kuwait MOHE Medical Missions,mohe.edu.kw,TRUE,verified,Official medical mission service page on MOHE portal,https://www.mohe.edu.kw/site/en/home/
qatar-moehe,Qatar MOEHE Government Scholarship,"Ministry of Education and Higher Education, Qatar",Qatar,QA,qa,"United States, United Kingdom, Canada, Australia, France, Ireland, Germany, Netherlands, Spain, Italy, Switzerland",Government,badge-gov,full,Full ride,Annual cycle,Qatari nationals,The Qatar Ministry of Education and Higher Education scholarship program for Qatari nationals to pursue undergraduate degrees at approved universities worldwide.,"Undergraduate (+ Master's, PhD)",Aligned with Qatar National Vision 2030 priorities,Qatari secondary certificate with competitive grades,IELTS or TOEFL required,Must be Qatari national,Qatar ID | Passport | Secondary transcripts | University admission letter | English proficiency scores,Via MOEHE portal,Fully covered,Monthly allowance,Annual flights,Health insurance,University must be approved by MOEHE.,Medium,Yes,,Not available,,FALSE,missing,No direct scholarship application page found on edu.gov.qa,https://www.edu.gov.qa
qatar-qf,Qatar Foundation Scholarship Programs,Qatar Foundation,Qatar,QA,qa,Qatar,Government,badge-gov,full,Full ride,Varies by program,Qatari nationals,"Qatar Foundation supports Qatari students at Education City branch campuses (Carnegie Mellon, Georgetown, Northwestern, Texas A&M in Qatar) with full undergraduate scholarship funding.",Undergraduate,Per Education City university offerings,Strong academic record; SAT required for some campuses,IELTS 6.0–7.5 (varies by campus),Qatari national; admission to Education City university,Qatar ID | Transcripts | SAT scores | English proficiency | Application essays,Via individual university application + QF scholarship application,Fully covered,Living support,Not specified,Campus facilities access,Each Education City campus has its own admission process.,High,Yes,,Not available,,FALSE,missing,qf.org.qa homepage does not link directly to a scholarship application page,https://www.qf.org.qa
bahrain-moe,Bahrain Ministry of Education Scholarships,"Ministry of Education, Bahrain",Bahrain,BH,bh,"United States, United Kingdom, Canada, Australia, France, Germany, Saudi Arabia, United Arab Emirates, Qatar, Kuwait, Oman",Government,badge-gov,full,Full ride,Annual cycle,Bahraini nationals,The Bahrain Ministry of Education scholarship program for Bahraini nationals to pursue undergraduate degrees at approved universities locally and abroad.,Undergraduate (+ Master's),Priority fields aligned with Bahrain Economic Vision 2030,Competitive secondary school results,IELTS or TOEFL required,Must be Bahraini national,Bahraini ID | Passport | Transcripts | Admission letter | English scores,Via MOE Bahrain portal,Fully covered,Monthly allowance,Flights included,Health insurance,Program details announced annually by the Ministry.,Medium,Yes,,Not available,,FALSE,missing,No direct scholarship application page found on moe.gov.bh,https://www.moe.gov.bh
oman-moheri,Oman MOHERI External Scholarship Program,"Ministry of Higher Education, Research and Innovation, Oman",Oman,OM,om,"United States, United Kingdom, Canada, Australia, France, Ireland, Germany, Netherlands, Spain, Italy, Switzerland",Government,badge-gov,full,Full ride,Annual cycle,Omani nationals,Oman's government scholarship program for Omani nationals to study undergraduate degrees at approved universities abroad.,"Undergraduate (+ Master's, PhD)","Priority: Engineering, Medicine, IT, Sciences",Competitive Omani General Diploma results,IELTS or TOEFL required,Must be Omani national,Omani ID | Passport | General Diploma results | University admission | English proficiency scores,Via MOHERI portal,Fully covered,Monthly allowance,Annual flights,Health insurance,University approval required by MOHERI.,Medium,Yes,,Not available,,FALSE,missing,No direct scholarship application page found on moheri.gov.om,https://www.moheri.gov.om
oman-internal,Oman Internal Scholarship Program,"Ministry of Higher Education, Research and Innovation, Oman",Oman,OM,om,"United Arab Emirates, Saudi Arabia, Qatar, Kuwait, Bahrain, Oman",Government,badge-gov,full,Full ride,Annual,Omani nationals,Oman's internal scholarship program placing Omani students in local and GCC higher education institutions for undergraduate study.,Undergraduate,Broad range per annual allocation,Omani General Diploma,IELTS or equivalent (varies),Omani national,Omani ID | General Diploma | English scores,Via MOHERI admissions system,Covered,Varies,Not applicable,Varies by institution,Allocation based on annual seat availability at partner institutions.,Medium,Yes,,Not available,,FALSE,missing,No direct application page found on moheri.gov.om,https://www.moheri.gov.om
australia-awards,Australia Awards Scholarships,Australian Government (DFAT),Australia,EG,"eg, jo, lb, ps, iq, ma, tn, dz, ly, sd, sy, ye, other",Australia,Government,badge-gov,full,Full ride,Apr–Jun (annual),Developing country nationals,Australian Government scholarships for individuals from developing countries to undertake full-time undergraduate study at participating Australian universities.,"Undergraduate (+ Master's, PhD)",Aligned with development priorities of participating countries,Strong academic record,IELTS 6.5+ (varies),Citizen of eligible participating country; not currently military personnel,Passport | Transcripts | References | IELTS scores | Applicant statement,Online via OASIS portal,Fully covered,Living allowance (Contribution to Living Expenses),Return airfare,Health cover (OSHC) + establishment allowance,Must return to home country for 2 years after completion. Eligibility varies by country. Not all MENA countries are eligible.,High,Yes,https://www.dfat.gov.au/people-to-people/australia-awards/australia-awards-scholarships,Australia Awards (DFAT),dfat.gov.au,TRUE,verified,Official Australia Awards page on Australian Government DFAT website,https://www.dfat.gov.au
uaeu-chancellor,UAEU Chancellor's Scholarship for Elite Students,United Arab Emirates University,United Arab Emirates,AE,"ae, sa, qa, kw, om, bh, eg, jo, lb, ps, iq, ma, tn, dz, ly, sd, sy, ye, other",United Arab Emirates,University,badge-uni,full,Full tuition,May–Jul (Fall) / Sep–Nov (Spring),All nationalities,The Chancellor's Scholarship at UAEU provides 100% tuition fee coverage for elite international undergraduate students with exceptional high school results (98%+ or equivalent).,Undergraduate,"All colleges (Engineering, Business, Science, IT, Law, Health, Agriculture)",High school score of 98% or above,IELTS 7.5+ or EmSAT 1800+ (Law: IELTS 6.5+),New international students; SAT Math 730+ for STEM colleges,High school transcripts | Passport | IELTS/TOEFL scores | SAT/EmSAT scores (if applicable),Via UAEU online admission system,100% tuition covered,Not included,Not included,Not included,Must maintain cumulative GPA of 3.6 or above. Scholarship revoked for academic/behavioral violations.,Very High,Yes (subject to GPA),https://www.uaeu.ac.ae/en/admission/undergraduate-scholarships.shtml,UAEU Undergraduate Scholarships,uaeu.ac.ae,TRUE,verified,Official UAEU undergraduate scholarship page,https://www.uaeu.ac.ae/en/admission/scholarships.shtml
uaeu-75,UAEU Chancellor's 75% Scholarship,United Arab Emirates University,United Arab Emirates,AE,"ae, sa, qa, kw, om, bh, eg, jo, lb, ps, iq, ma, tn, dz, ly, sd, sy, ye, other",United Arab Emirates,University,badge-uni,partial,75% tuition,May–Jul (Fall) / Sep–Nov (Spring),All nationalities,A competitive UAEU scholarship covering 75% of tuition fees for high-achieving international undergraduate students with secondary school scores of 97% or above.,Undergraduate,All colleges,High school score of 97% or above,IELTS 7.0+ or EmSAT 1675+,New international students,High school transcripts | Passport | English proficiency scores,Via UAEU online admission system,75% tuition covered,Not included,Not included,Not included,Must maintain minimum GPA to retain scholarship.,High,Yes (subject to GPA),https://www.uaeu.ac.ae/en/admission/undergraduate-scholarships.shtml,UAEU Undergraduate Scholarships,uaeu.ac.ae,TRUE,verified,Official UAEU undergraduate scholarship page,https://www.uaeu.ac.ae/en/admission/scholarships.shtml
uaeu-talent,UAEU Chancellor's Scholarship for Talented Students,United Arab Emirates University,United Arab Emirates,AE,"ae, sa, qa, kw, om, bh, eg, jo, lb, ps, iq, ma, tn, dz, ly, sd, sy, ye, other",United Arab Emirates,University,badge-uni,full,Full tuition,May–Jul (Fall) / Sep–Nov (Spring),All nationalities,"100% tuition scholarship for students with exceptional abilities in innovative, artistic, athletic, or technological fields, recognizing achievements at local or international level.",Undergraduate,All colleges,Meet general admission requirements,Per college requirements,"Must provide evidence of talent (certificates, awards, participation records)",High school transcripts | Talent evidence (certificates | awards) | Passport | English scores,Via UAEU online admission system,100% tuition covered,Not included,Not included,Not included,Must maintain GPA of 3.6+. Additional tests or interviews may be required.,High,Yes (subject to GPA),https://www.uaeu.ac.ae/en/admission/undergraduate-scholarships.shtml,UAEU Undergraduate Scholarships,uaeu.ac.ae,TRUE,verified,Official UAEU undergraduate scholarship page,https://www.uaeu.ac.ae/en/admission/scholarships.shtml
aus-president,AUS President's Scholarship,American University of Sharjah,United Arab Emirates,AE,"ae, sa, qa, kw, om, bh, eg, jo, lb, ps, iq, ma, tn, dz, ly, sd, sy, ye, other",United Arab Emirates,University,badge-uni,full,Full ride,Apr 17 (annual),International students,"AUS's most prestigious scholarship covering 100% tuition, lab fees, monthly stipend, on-campus housing, and medical insurance. Open to students who completed secondary education outside the UAE.",Undergraduate,"All AUS colleges (Engineering, Business, Arts & Sciences, Architecture)",Outstanding academic record,Per AUS admission requirements,Must have completed secondary education outside the UAE; up to 20 awards/year,High school transcripts | Passport | English proficiency scores | Application essays,Via AUS online application (apply.aus.edu),100% tuition + lab fees,Monthly stipend,3 round-trip tickets,On-campus housing + medical insurance,Renewable for students meeting scholarship requirements. Up to 20 recipients annually.,Very High,Yes,https://www.aus.edu/admissions/financial-grants-and-scholarships,AUS Financial Grants and Scholarships,aus.edu,TRUE,verified,Official AUS grants and scholarships page,https://www.aus.edu/apply
aus-merit,AUS Merit Scholarships,American University of Sharjah,United Arab Emirates,AE,"ae, sa, qa, kw, om, bh, eg, jo, lb, ps, iq, ma, tn, dz, ly, sd, sy, ye, other",United Arab Emirates,University,badge-uni,partial,10–20% tuition,Rolling (with admission),All nationalities,Automatic merit-based scholarships for undergraduate applicants with high school averages of 90% or above. Distinguished Student Scholarship (95%+) covers 20%; Academic Achiever (90-94.99%) covers 10%.,Undergraduate,All AUS colleges,High school average 90%+ (10% award) or 95%+ (20% award),Per AUS admission requirements,Automatically offered at time of admission; no separate application,High school transcripts | Passport | Admission application,Automatic with admission application,10–20% tuition reduction,Not included,Not included,Not included,No separate application required. Contingent on available funding.,Medium,Yes (subject to GPA),https://www.aus.edu/admissions/financial-grants-and-scholarships,AUS Financial Grants and Scholarships,aus.edu,TRUE,verified,Official AUS grants and scholarships page,https://www.aus.edu/apply
aus-financial,AUS Financial Grant,American University of Sharjah,United Arab Emirates,AE,"ae, sa, qa, kw, om, bh, eg, jo, lb, ps, iq, ma, tn, dz, ly, sd, sy, ye, other",United Arab Emirates,University,badge-uni,partial,Need-based,Rolling,All nationalities,Need-based financial grants for undergraduate students at AUS with demonstrated limited financial resources. Amount depends on financial needs and academic qualifications.,Undergraduate,All AUS colleges,Must be admitted to AUS,Per AUS admission requirements,Must demonstrate limited financial resources; must have paid seat reservation deposit,Admission letter | Financial documentation | Scholarship application form,Email completed form to scholarship@aus.edu,Varies by need,Not included,Not included,Not included,Application processed within two weeks of complete submission.,Medium,Semester-by-semester,https://www.aus.edu/admissions/financial-grants-and-scholarships,AUS Financial Grants and Scholarships,aus.edu,TRUE,verified,Official AUS grants and scholarships page,https://www.aus.edu/apply
khalifa-ug,Khalifa University Undergraduate Scholarship,Khalifa University,United Arab Emirates,AE,"ae, sa, qa, kw, om, bh, eg, jo, lb, ps, iq, ma, tn, dz, ly, sd, sy, ye, other",United Arab Emirates,University,badge-uni,full,Full ride,Apr 30 (Fall),All nationalities,"Full scholarship for undergraduate students at Khalifa University in Abu Dhabi, covering tuition for STEM and medicine programs. Full scholarships for UAE nationals; merit-based for international students.",Undergraduate,"Engineering, Computer Science, Sciences, Medicine",Competitive high school GPA; entrance exam may be required,IELTS 6.0 or TOEFL 79 or EmSAT 1400,Full scholarships for UAE nationals. International merit scholarships available.,High school transcripts | Passport | IELTS/TOEFL/EmSAT scores | IB/AP/A-Level results (if applicable),Online via KU admissions portal,Fully covered (UAE nationals); merit-based (intl),For UAE nationals,Not specified,Housing support available,Acceptance rate approximately 9%. Admission interview required.,Very High,Yes,https://www.ku.ac.ae/apply,Khalifa University Apply,ku.ac.ae,TRUE,verified,Official KU application page,https://www.ku.ac.ae/admissions
nyuad-aid,NYU Abu Dhabi Full Financial Aid,New York University Abu Dhabi,United Arab Emirates,AE,"ae, sa, qa, kw, om, bh, eg, jo, lb, ps, iq, ma, tn, dz, ly, sd, sy, ye, us-cit, gb-cit, ca-cit, eu-cit, other",United Arab Emirates,University,badge-uni,full,Full ride,Jan 5 (annual),All nationalities,"NYU Abu Dhabi provides full need-based financial aid covering tuition, housing, dining, textbooks, and travel to all admitted students regardless of nationality. One of the most generous aid programs globally.",Undergraduate,"26 majors including Engineering, Sciences, Social Sciences, Arts, Humanities",Exceptional academic record; highly selective (~4% acceptance rate),TOEFL or IELTS (per NYU requirements),Must apply via Common App; CSS Profile required for financial aid,Common App | School transcripts | SAT/ACT scores | CSS Profile | Recommendations | Essays,Via Common Application,Fully covered,Dining + textbooks included,Travel to/from home country,Housing + health insurance,~4% acceptance rate. Students from 115+ countries. Required study-away semester at NYU global site.,Very High,Yes (4 years),https://nyuad.nyu.edu/en/admissions/financial-aid.html,NYUAD Financial Aid,nyuad.nyu.edu,TRUE,verified,Official NYUAD financial aid page,https://nyuad.nyu.edu/en/admissions.html
sharjah-ug,University of Sharjah Undergraduate Scholarships,University of Sharjah,United Arab Emirates,AE,"ae, sa, qa, kw, om, bh, eg, jo, lb, ps, iq, ma, tn, dz, ly, sd, sy, ye, other",United Arab Emirates,University,badge-uni,partial,Partial tuition,Varies by semester,All nationalities,The University of Sharjah offers merit-based undergraduate scholarships for domestic and international students across all colleges. Coverage varies by academic achievement.,Undergraduate,All colleges,Competitive high school results,Per UOS admission requirements,Open to all nationalities,High school transcripts | Passport | English proficiency scores | Admission application,Via University of Sharjah online admission portal,Partial tuition coverage,Not included,Not included,Not included,Admission periods announced per semester.,Medium,Yes,,Not available,,FALSE,missing,Specific scholarship application page not found on sharjah.ac.ae,https://www.sharjah.ac.ae
aud-scholarship,American University in Dubai Scholarships,American University in Dubai,United Arab Emirates,AE,"ae, sa, qa, kw, om, bh, eg, jo, lb, ps, iq, ma, tn, dz, ly, sd, sy, ye, other",United Arab Emirates,University,badge-uni,partial,Partial to full,Rolling,All nationalities,"AUD offers merit-based and need-based scholarships for undergraduate students, including full and partial tuition coverage, living allowances, and accommodation support.",Undergraduate,"Business, Engineering, Architecture, Communication, Education",Strong academic record,Per AUD admission requirements,Open to international students,High school transcripts | Passport | English proficiency scores | Financial documents (for need-based),Via AUD admissions,Partial to full coverage,May include living allowance,Not specified,Accommodation support (select awards),Multiple scholarship tiers available.,Medium,Yes,,Not available,,FALSE,missing,No direct scholarship-specific application page verified on aud.edu,https://www.aud.edu
cud-scholarship,Canadian University Dubai Scholarships,Canadian University Dubai,United Arab Emirates,AE,"ae, sa, qa, kw, om, bh, eg, jo, lb, ps, iq, ma, tn, dz, ly, sd, sy, ye, other",United Arab Emirates,University,badge-uni,partial,Tuition reduction,Rolling,All nationalities,Canadian University Dubai offers merit-based and need-based scholarships for undergraduate students including tuition reductions and financial hardship support.,Undergraduate,"Business, Engineering, Architecture, Communication, IT",Strong academic record,Per CUD admission requirements,Community service (15 hrs/month) required for some scholarships,High school transcripts | Passport | Scholarship application form | Financial documents (if need-based),Email to scholarship@cud.ac.ae,Tuition reduction (varies),Not included,Not included,Not included,Scholarships valid for one semester; must reapply each term.,Medium,Semester-by-semester,,Not available,,FALSE,missing,No direct scholarship page verified on cud.ac.ae,https://www.cud.ac.ae
hbku-scholarship,Hamad Bin Khalifa University Scholarships,Hamad Bin Khalifa University,Qatar,AE,"ae, sa, qa, kw, om, bh, eg, jo, lb, ps, iq, ma, tn, dz, ly, sd, sy, ye, other",Qatar,University,badge-uni,full,Full ride,Varies by program,All nationalities,"HBKU in Education City, Qatar offers fully funded scholarships for undergraduate students including tuition, housing, and living stipend. Part of Qatar Foundation.",Undergraduate,"Islamic Studies, Humanities, Social Sciences, Science, Engineering",Strong academic record,IELTS 6.0+ or equivalent,Open to all nationalities,High school transcripts | Passport | English proficiency scores | Personal statement,Via HBKU online application,Fully covered,Monthly stipend,Not specified,Housing provided,Part of Qatar Foundation Education City. Qatari nationals may receive additional QF support.,High,Yes,,Not available,,FALSE,missing,No direct undergraduate scholarship page verified on hbku.edu.qa,https://www.hbku.edu.qa
ksu-intl,King Saud University International Scholarship,King Saud University,Saudi Arabia,AE,"ae, sa, qa, kw, om, bh, eg, jo, lb, ps, iq, ma, tn, dz, ly, sd, sy, ye, other",Saudi Arabia,University,badge-uni,full,Full ride,Rolling / Annual,All nationalities,"King Saud University offers fully funded scholarships for international undergraduate students including tuition, housing, monthly stipend, and return flights.",Undergraduate,"All KSU colleges (Medicine, Engineering, Business, Sciences, Arts)",Strong academic record; competitive GPA,Not specified (Arabic proficiency may be required for some programs),Open to international students,High school transcripts | Passport | Health certificate | Recommendation letters,Via KSU online application portal,Fully covered,Monthly stipend,Return flights,Housing + health insurance,One of the oldest and largest universities in Saudi Arabia.,High,Yes,,Not available,,FALSE,missing,No direct international scholarship application page verified on ksu.edu.sa,https://www.ksu.edu.sa
qu-intl,Qatar University International Student Scholarship,Qatar University,Qatar,AE,"ae, sa, kw, om, bh, eg, jo, lb, ps, iq, ma, tn, dz, ly, sd, sy, ye, other",Qatar,University,badge-uni,partial,Partial tuition,Varies by semester,International students,Qatar University offers merit-based scholarships for international undergraduate students. Coverage varies by academic achievement and program.,Undergraduate,"All QU colleges (Engineering, Business, Arts, Sciences, Education, Health)",Competitive high school results,IELTS or TOEFL (varies by program),Non-Qatari nationals; Qatari nationals study tuition-free,High school transcripts | Passport | English proficiency scores | Admission application,Via Qatar University admissions portal,Partial coverage (merit-based),Not included,Not included,Not included,Qatari nationals study tuition-free. International student fees apply.,Medium,Yes,,Not available,,FALSE,missing,No direct scholarship-specific page verified on qu.edu.qa,https://www.qu.edu.qa
ajman-scholarship,Ajman University Scholarships,Ajman University,United Arab Emirates,AE,"ae, sa, qa, kw, om, bh, eg, jo, lb, ps, iq, ma, tn, dz, ly, sd, sy, ye, other",United Arab Emirates,University,badge-uni,partial,Partial tuition,Rolling,All nationalities,Ajman University offers merit-based scholarships for undergraduate students including tuition discounts based on high school performance.,Undergraduate,"Business, Engineering, IT, Pharmacy, Dentistry, Mass Communication",Competitive high school results,Per AU admission requirements,Open to all nationalities,High school transcripts | Passport | English proficiency scores,Via Ajman University admissions,Partial tuition coverage,Not included,Not included,Not included,Scholarship percentage varies by GPA.,Medium,Yes (subject to GPA),,Not available,,FALSE,missing,No direct scholarship page verified on ajman.ac.ae,https://www.ajman.ac.ae
uod-intl,University of Dubai International Scholarship,University of Dubai,United Arab Emirates,AE,"ae, sa, qa, kw, om, bh, eg, jo, lb, ps, iq, ma, tn, dz, ly, sd, sy, ye, other",United Arab Emirates,University,badge-uni,partial,Partial award,Throughout the year,International students,"The University of Dubai offers partial scholarships for international undergraduate students to help finance their studies across business, engineering, and IT programs.",Undergraduate,"Business, Engineering, IT, Law",Must be admitted to a UoD undergraduate program,Per UoD admission requirements,International students,High school transcripts | Passport | Admission application | English proficiency scores,Via University of Dubai admissions,Partial tuition award,Not included,Not included,Not included,Rolling deadline — applications accepted throughout the year.,Low,Yes,,Not available,,FALSE,missing,No direct scholarship page verified on ud.ac.ae,https://www.ud.ac.ae
qatar-airways-natl,Qatar Airways University National Scholarship,Qatar Airways / Qatar Government,Qatar,QA,qa,Qatar,University,badge-uni,full,Full ride,Annual,Qatari nationals,"A fully funded scholarship program by Qatar Airways for Qatari nationals to pursue undergraduate degrees in aviation, engineering, and business-related fields.",Undergraduate,"Aviation, Engineering, Business, IT",Strong academic record,Per university requirements,Qatari nationals only,Qatar ID | High school transcripts | English proficiency scores | Application form,Via Qatar Airways scholarship program,Fully covered,Not specified,Not specified,Career pathway with Qatar Airways,Linked to employment pathway with Qatar Airways after graduation.,High,Yes,,Not available,,FALSE,missing,No direct scholarship application page verified,https://www.qatarairways.com
birmingham-dubai-sch,University of Birmingham Dubai Academic Excellence Scholarship,University of Birmingham Dubai,United Arab Emirates,AE,"ae, sa, qa, kw, om, bh, eg, jo, lb, ps, iq, ma, tn, dz, ly, sd, sy, ye, other",United Arab Emirates,University,badge-uni,partial,Up to 50% tuition,Rolling,All nationalities,"Academic Excellence Scholarships at the University of Birmingham Dubai campus, covering up to 50% of tuition for high-achieving undergraduate students. UK-quality degrees awarded by University of Birmingham.",Undergraduate,"Business, Engineering, Computer Science, Education",Strong academic record,IELTS 6.0+ (varies by program),Open to all nationalities,High school transcripts | Passport | English proficiency scores | Admission application,Via University of Birmingham Dubai admissions,Up to 50% tuition,Not included,Not included,Not included,Degrees awarded by University of Birmingham (UK). Located in Dubai International Academic City.,Medium,Yes (subject to performance),,Not available,,FALSE,missing,No direct scholarship page verified on birmingham.ac.uk/dubai,https://www.birmingham.ac.uk/dubai
hw-dubai-sch,Heriot-Watt University Dubai Scholarships,Heriot-Watt University Dubai,United Arab Emirates,AE,"ae, sa, qa, kw, om, bh, eg, jo, lb, ps, iq, ma, tn, dz, ly, sd, sy, ye, other",United Arab Emirates,University,badge-uni,partial,Merit-based,Rolling,All nationalities,"Heriot-Watt University Dubai offers merit-based scholarships and early bird discounts for undergraduate students. UK-accredited degrees in engineering, business, and computing.",Undergraduate,"Engineering, Business, Computer Science, Built Environment",Strong academic record,IELTS 6.0+ (varies by program),Open to all nationalities,High school transcripts | Passport | English proficiency scores,Via Heriot-Watt Dubai admissions,Merit-based reduction,Not included,Not included,Early bird discounts available,UK-accredited degrees. Located in Dubai International Academic City.,Low,Yes,,Not available,,FALSE,missing,No direct scholarship page verified on hw.ac.uk/dubai,https://www.hw.ac.uk/dubai
aramco-cdpne,Saudi Aramco College Degree Program (CDPNE),Saudi Aramco,Saudi Arabia,SA,sa,"Saudi Arabia, United States, United Kingdom, Canada, Australia",Corporate,badge-ext,full,Full ride,Annual,Saudi nationals,"Aramco's highly selective scholarship for Saudi high school graduates. Includes a 10-month preparatory program in Dhahran, then full sponsorship for a bachelor's degree at KFUPM or a top international university, with guaranteed employment upon graduation.",Undergraduate,"Engineering, Geoscience, Computer Science, Business (aligned with Aramco strategic needs)",Min 85% high school GPA; competitive aptitude tests,TOEFL or IELTS (assessed during preparatory program),Saudi national; must pass Aramco placement tests and medical assessment,Saudi national ID | High school transcripts | Aptitude test results | Medical clearance,Via Aramco careers portal,Fully covered,Monthly stipend,Covered,Preparatory program + guaranteed employment,"Includes 10-month College Preparatory Program in Dhahran. Graduates receive employment with Aramco. Over 2,000 graduates since program inception.",Very High,Yes (for degree duration),https://www.aramco.com/en/sustainability/people-and-safety/human-capital-development,Aramco Human Capital Development,aramco.com,TRUE,verified,Official Aramco human capital development page describing CDPNE,https://www.aramco.com/en/careers
adnoc-scholarship,ADNOC Accelerator Program Scholars,ADNOC,United Arab Emirates,AE,ae,"United Arab Emirates, United States, United Kingdom, Canada, Australia",Corporate,badge-ext,full,Full ride,Annual cycle,UAE nationals,"ADNOC's prestigious scholarship for UAE nationals, supporting undergraduate study at 80+ approved universities worldwide in disciplines aligned with the UAE's energy sector objectives. Established in 1974.",Undergraduate,"Chemical Engineering, Petroleum Engineering, Mechanical Engineering, Electrical Engineering, Geoscience, Computer Science, AI, Data Science, Finance, Law, Economics",85%+ high school for domestic study; 90%+ for overseas; IB 36+ points,IELTS 6.0+ or TOEFL 80+ or EmSAT English 1400+,UAE national; conditional acceptance from ADNOC approved university; medical assessment; military service clearance if applicable,Emirates ID | High school transcripts | University conditional acceptance letter | IELTS/TOEFL/EmSAT scores | Medical assessment | Military service release (if applicable),Online via ADNOC scholarship application portal,Fully covered,Living expenses support,Not specified,Performance rewards,University list includes 80+ institutions from Times Top 100. Established 1974 — one of the oldest corporate scholarship programs in the UAE.,Very High,Yes,https://scholarship-application.adnoc.ae/,ADNOC Scholarship Application Portal,scholarship-application.adnoc.ae,TRUE,verified,Official ADNOC scholarship application portal,https://jobs.adnoc.ae/content/SCHOLARSHIP-PROGRAM/
qatarenergy-scholarship,QatarEnergy University Scholarship Program,QatarEnergy,Qatar,QA,qa,"Qatar, United States, United Kingdom, Canada, Australia",Corporate,badge-ext,full,Full ride,Multiple cycles per year,Qatari nationals,QatarEnergy's scholarship program for Qatari students to pursue higher education locally and overseas in disciplines aligned with the energy sector. Includes employment pathway after graduation.,Undergraduate,"Engineering, Geoscience, IT, Business (energy sector aligned)",Recent high school graduate (current year or previous year),Per university requirements,Qatari national only; cannot defer scholarship,Qatar ID | High school transcripts | University acceptance (if available) | English proficiency scores,Online via QatarEnergy Career Portal,Fully covered,Comprehensive benefits package,Not specified,Employment pathway with energy sector company,Multiple application cycles per year. Scholarship cannot be deferred. Allocated to specific energy sector company.,High,Yes,https://careerportal.qatarenergy.qa/scholarship-programs,QatarEnergy Career Portal — Scholarship Programs,careerportal.qatarenergy.qa,TRUE,verified,Official QatarEnergy scholarship programs page,https://www.qatarenergy.qa/en/Careers/UniversityProgramApplication/Pages/UniversityProgramApplication.aspx
pdo-scholarship,PDO Scholarship Scheme,Petroleum Development Oman,Oman,OM,om,"Oman, United States, United Kingdom, Australia",Corporate,badge-ext,full,Full ride,Annual,Omani nationals,"PDO's flagship scholarship program sponsoring Omani students for bachelor's and master's degrees at universities in Oman and abroad. Over 2,000 graduates since inception in the 1980s.",Undergraduate,"Petroleum Engineering, Chemical Engineering, Geophysics, IT, Business, Economics",Strong academic record,Per university requirements,Omani national; aligned with PDO workforce needs,Omani ID | High school transcripts | University acceptance | English proficiency scores,Via PDO careers/recruitment,Fully covered,Living support,Covered,Employment pathway with PDO,"Over 2,000 scholars have graduated since the 1980s. Includes both domestic and overseas study options.",Very High,Yes,,Not available,,FALSE,missing,PDO scholarship details on pdo.co.om but no direct public application portal found,https://www.pdo.co.om/en/people/scholarships-for-staff/Pages/default.aspx
sabic-scholarship,SABIC Scholarship Program,SABIC (Saudi Basic Industries Corporation),Saudi Arabia,SA,sa,"Saudi Arabia, United States, United Kingdom, Canada",Corporate,badge-ext,full,Full ride,Annual,Saudi nationals,"SABIC sponsors Saudi nationals for undergraduate degrees in engineering, chemistry, and business disciplines aligned with the company's industrial and strategic needs.",Undergraduate,"Chemical Engineering, Mechanical Engineering, Industrial Chemistry, Business",Competitive high school GPA in science track,IELTS or TOEFL required,Saudi national; alignment with SABIC workforce needs,Saudi national ID | High school transcripts | English proficiency scores,Via SABIC careers portal,Fully covered,Monthly stipend,Covered,Employment pathway with SABIC,Employment commitment with SABIC upon graduation.,Very High,Yes,,Not available,,FALSE,missing,No direct scholarship application page found on sabic.com,https://www.sabic.com/en/careers
kpc-scholarship,Kuwait Petroleum Corporation Scholarship Program,Kuwait Petroleum Corporation (KPC),Kuwait,KW,kw,"Kuwait, United States, United Kingdom, Canada, Australia",Corporate,badge-ext,full,Full ride,Annual,Kuwaiti nationals,KPC sponsors Kuwaiti nationals for undergraduate degrees in engineering and technical disciplines aligned with the oil and gas sector's workforce needs.,Undergraduate,"Petroleum Engineering, Chemical Engineering, Mechanical Engineering, Electrical Engineering, IT",Kuwaiti secondary certificate; competitive GPA,IELTS or TOEFL required,Kuwaiti national; alignment with KPC sector needs,Kuwaiti civil ID | High school transcripts | English proficiency scores,Via KPC or subsidiary company recruitment,Fully covered,Monthly stipend,Covered,Employment pathway with KPC group,"KPC group includes Kuwait Oil Company, KNPC, KIPIC, and others. Scholarship may be through subsidiary companies.",High,Yes,,Not available,,FALSE,missing,No direct public scholarship application portal found on kpc.com.kw,https://www.kpc.com.kw
emirates-group-sch,Emirates Group Scholarship Program,Emirates Group,United Arab Emirates,AE,ae,"United Arab Emirates, United Kingdom, United States, Australia",Corporate,badge-ext,full,Full ride,Annual,UAE nationals,"The Emirates Group (Emirates airline) scholarship for UAE nationals to study undergraduate degrees in aviation, engineering, business, and IT, with a career pathway within the Emirates Group.",Undergraduate,"Aviation, Engineering, Business, IT, Finance",Strong high school results,IELTS or TOEFL required,UAE national; aligned with Emirates Group workforce needs,Emirates ID | High school transcripts | English proficiency scores | University acceptance,Via Emirates Group careers,Fully covered,Living support,Covered,Career pathway with Emirates Group,Coordinated with MOHESR. Linked to employment within Emirates Group companies.,High,Yes,,Not available,,FALSE,missing,No direct public scholarship page found. Program announced via MOHESR coordination.,https://www.emiratesgroupcareers.com
rta-scholarship,RTA Dubai Scholarship Program,"Roads and Transport Authority, Dubai",United Arab Emirates,AE,ae,"United Arab Emirates, United Kingdom, United States",Corporate,badge-ext,full,Full ride,Annual,UAE nationals,"RTA Dubai sponsors Emirati students for undergraduate degrees in engineering, transport planning, urban mobility, and IT disciplines aligned with Dubai's transport sector needs.",Undergraduate,"Civil Engineering, Transport Engineering, Urban Planning, IT",Competitive high school results,IELTS or TOEFL required,UAE national; aligned with RTA workforce needs,Emirates ID | High school transcripts | English proficiency scores,Via RTA careers/HR department,Fully covered,Monthly stipend,Not specified,Employment pathway with RTA,Employment commitment with RTA upon graduation.,High,Yes,,Not available,,FALSE,missing,No direct public scholarship page found on rta.ae,https://www.rta.ae
dubai-police-sch,Dubai Police Scholarship Program,Dubai Police,United Arab Emirates,AE,ae,"United Arab Emirates, United Kingdom, United States",Corporate,badge-ext,full,Full ride,Annual,UAE nationals,"Dubai Police sponsors Emirati students for undergraduate degrees in criminology, forensic science, cybersecurity, law, and policing-related disciplines.",Undergraduate,"Criminology, Forensic Science, Cybersecurity, Law, Public Safety",Competitive high school results,IELTS or TOEFL required,UAE national; must meet Dubai Police eligibility criteria including fitness and background checks,Emirates ID | High school transcripts | English proficiency scores | Medical/fitness clearance,Via Dubai Police HR/Scholarship Department,Fully covered,Monthly stipend,Not specified,Employment pathway with Dubai Police,Employment commitment with Dubai Police upon graduation. Physical fitness requirements apply.,High,Yes,,Not available,,FALSE,missing,No direct public scholarship page found on dubaipolice.gov.ae,https://www.dubaipolice.gov.ae
etisalat-scholarship,e& (Etisalat) Scholarship Program,e& (formerly Etisalat),United Arab Emirates,AE,ae,"United Arab Emirates, United States, United Kingdom",Corporate,badge-ext,full,Full ride,Annual,UAE nationals,"e& (formerly Etisalat) sponsors UAE nationals for undergraduate degrees in telecommunications, IT, computer science, cybersecurity, and business disciplines.",Undergraduate,"Telecommunications, IT, Computer Science, Cybersecurity, Data Science, Business",Competitive high school results; preference for STEM track,IELTS or TOEFL required,UAE national; aligned with e& workforce needs,Emirates ID | High school transcripts | English proficiency scores,Via e& careers portal,Fully covered,Monthly stipend,Not specified,Employment pathway with e& group,Employment commitment with e& group upon graduation.,High,Yes,,Not available,,FALSE,missing,No direct public scholarship page found on eand.com,https://www.eand.com/en/careers
mubadala-scholarship,Mubadala Scholarship Program,Mubadala Investment Company,United Arab Emirates,AE,ae,"United Arab Emirates, United States, United Kingdom",Corporate,badge-ext,full,Full ride,Annual,UAE nationals,"Mubadala sponsors UAE nationals for undergraduate degrees in engineering, finance, technology, and aerospace disciplines aligned with the company's portfolio sectors.",Undergraduate,"Engineering, Finance, Technology, Aerospace, Energy, Healthcare",Strong high school results,IELTS or TOEFL required,UAE national; aligned with Mubadala portfolio sector needs,Emirates ID | High school transcripts | English proficiency scores | University acceptance,Via Mubadala careers portal,Fully covered,Living support,Not specified,Career pathway with Mubadala portfolio companies,"Mubadala portfolio spans aerospace (Strata), healthcare (Cleveland Clinic AD), technology, and energy sectors.",Very High,Yes,,Not available,,FALSE,missing,No direct public scholarship page found on mubadala.com,https://www.mubadala.com/en/careers
sec-scholarship,Saudi Electricity Company Scholarship Program,Saudi Electricity Company (SEC),Saudi Arabia,SA,sa,"Saudi Arabia, United States, United Kingdom",Corporate,badge-ext,full,Full ride,Annual,Saudi nationals,"SEC sponsors Saudi nationals for undergraduate degrees in electrical engineering, power systems, and technical disciplines aligned with the Kingdom's electricity sector needs.",Undergraduate,"Electrical Engineering, Power Systems, Mechanical Engineering, IT",Competitive high school GPA in science track,IELTS or TOEFL required,Saudi national; aligned with SEC workforce needs,Saudi national ID | High school transcripts | English proficiency scores,Via SEC careers portal,Fully covered,Monthly stipend,Covered,Employment pathway with SEC,Employment commitment with SEC upon graduation.,High,Yes,,Not available,,FALSE,missing,No direct public scholarship page found on se.com.sa,https://www.se.com.sa
maaden-scholarship,Ma'aden Scholarship Program,Saudi Arabian Mining Company (Ma'aden),Saudi Arabia,SA,sa,"Saudi Arabia, United States, United Kingdom, Canada, Australia",Corporate,badge-ext,full,Full ride,Annual,Saudi nationals,"Ma'aden sponsors Saudi nationals for undergraduate degrees in mining engineering, geology, chemical engineering, and industrial disciplines aligned with the Kingdom's mining sector.",Undergraduate,"Mining Engineering, Geology, Chemical Engineering, Metallurgy, Industrial Engineering",Competitive high school GPA,IELTS or TOEFL required,Saudi national; aligned with Ma'aden workforce needs,Saudi national ID | High school transcripts | English proficiency scores,Via Ma'aden careers portal,Fully covered,Monthly stipend,Covered,Employment pathway with Ma'aden,Ma'aden is the largest multi-commodity mining company in the Middle East.,High,Yes,,Not available,,FALSE,missing,No direct public scholarship page found on maaden.com.sa,https://www.maaden.com.sa
dha-scholarship,Dubai Health Authority Scholarship Program,Dubai Health Authority,United Arab Emirates,AE,ae,"United Arab Emirates, United Kingdom, United States, Australia",Corporate,badge-ext,full,Full ride,Annual,UAE nationals,"DHA sponsors Emirati students for undergraduate degrees in medicine, nursing, pharmacy, health sciences, and biomedical disciplines to develop Dubai's healthcare workforce.",Undergraduate,"Medicine, Nursing, Pharmacy, Biomedical Sciences, Health Administration",Competitive high school results in science track,IELTS or TOEFL required,UAE national; aligned with DHA health workforce needs,Emirates ID | High school transcripts | English proficiency scores | Medical clearance,Via DHA HR/Scholarship Department,Fully covered,Monthly stipend,Not specified,Employment pathway with DHA,Employment commitment with DHA upon graduation.,High,Yes,,Not available,,FALSE,missing,No direct public scholarship page found on dha.gov.ae,https://www.dha.gov.ae
abu-dhabi-police-sch,Abu Dhabi Police Scholarship Program,Abu Dhabi Police GHQ,United Arab Emirates,AE,ae,"United Arab Emirates, United Kingdom, United States",Corporate,badge-ext,full,Full ride,Annual,UAE nationals,"Abu Dhabi Police sponsors Emirati students for undergraduate degrees in law, forensic science, cybersecurity, and policing-related disciplines.",Undergraduate,"Law, Forensic Science, Cybersecurity, Criminal Justice, Public Safety",Competitive high school results,IELTS or TOEFL required,UAE national; must meet Abu Dhabi Police eligibility criteria,Emirates ID | High school transcripts | English proficiency scores | Fitness/medical clearance,Via Abu Dhabi Police HR,Fully covered,Monthly stipend,Not specified,Employment pathway with Abu Dhabi Police,Employment commitment with Abu Dhabi Police upon graduation.,High,Yes,,Not available,,FALSE,missing,No direct public scholarship page found on adpolice.gov.ae,https://www.adpolice.gov.ae
tamkeen-bahrain,Tamkeen Education Support Programs,Tamkeen (Labour Fund),Bahrain,BH,bh,"Bahrain, United Kingdom, United States, Australia",Corporate,badge-ext,partial,Partial funding,Rolling,Bahraini nationals,"Tamkeen, Bahrain's Labour Fund, provides education support and training subsidies for Bahraini nationals to pursue undergraduate degrees and professional qualifications.",Undergraduate,Broad range (aligned with Bahrain labour market needs),Bahraini national with eligible academic background,Per program requirements,Bahraini national,Bahraini ID | Academic transcripts | Program application,Via Tamkeen portal,Partial subsidy/support,Not specified,Not specified,Training and development support,Tamkeen is a semi-government entity focused on developing Bahrain's private sector workforce.,Medium,Varies by program,,Not available,,FALSE,missing,No direct scholarship application page found on tamkeen.bh. Programs vary seasonally.,https://www.tamkeen.bh
omantel-scholarship,Omantel Scholarship Program,Omantel,Oman,OM,om,"Oman, United Kingdom, United States",Corporate,badge-ext,full,Full ride,Annual,Omani nationals,"Omantel sponsors Omani nationals for undergraduate degrees in telecommunications, IT, computer science, and business disciplines aligned with the company's needs.",Undergraduate,"Telecommunications, IT, Computer Science, Data Science, Business",Competitive high school results,IELTS or TOEFL required,Omani national; aligned with Omantel workforce needs,Omani ID | High school transcripts | English proficiency scores,Via Omantel careers/HR,Fully covered,Monthly stipend,Not specified,Employment pathway with Omantel,Employment commitment with Omantel upon graduation.,High,Yes,,Not available,,FALSE,missing,No direct public scholarship page found on omantel.om,https://www.omantel.om
saudia-scholarship,Saudia Airlines Scholarship Program,Saudi Arabian Airlines (Saudia),Saudi Arabia,SA,sa,"Saudi Arabia, United States, United Kingdom",Corporate,badge-ext,full,Full ride,Annual,Saudi nationals,"Saudia sponsors Saudi nationals for undergraduate degrees in aviation, aerospace engineering, business administration, and IT aligned with the airline's operational needs.",Undergraduate,"Aviation, Aerospace Engineering, Business Administration, IT, Logistics",Competitive high school GPA,IELTS or TOEFL required,Saudi national; aligned with Saudia workforce needs,Saudi national ID | High school transcripts | English proficiency scores,Via Saudia careers portal,Fully covered,Monthly stipend,Covered,Employment pathway with Saudia,Employment commitment with Saudi Arabian Airlines upon graduation.,High,Yes,,Not available,,FALSE,missing,No direct public scholarship page found on saudia.com,https://www.saudia.com
moi-uae-scholarship,UAE Ministry of Interior Scholarship Program,"Ministry of Interior, UAE",United Arab Emirates,AE,ae,"United Arab Emirates, United Kingdom, United States",Government,badge-gov,full,Full ride,Annual,UAE nationals,"The UAE Ministry of Interior sponsors Emirati students for undergraduate degrees in law, security studies, IT, criminal justice, and related disciplines.",Undergraduate,"Law, Security Studies, Criminal Justice, IT, Cybersecurity",Competitive high school results,IELTS or TOEFL required,UAE national; must meet MOI eligibility criteria including background checks,Emirates ID | High school transcripts | English proficiency scores | Security clearance,Via MOI HR Department,Fully covered,Monthly stipend,Not specified,Employment pathway with MOI,Employment commitment with Ministry of Interior upon graduation.,High,Yes,,Not available,,FALSE,missing,No direct public scholarship page found on moi.gov.ae,https://www.moi.gov.ae
turkiye-burslari,Türkiye Bursları (Turkey Government Scholarship),Presidency for Turks Abroad and Related Communities (YTB),Turkey,AE,"ae, sa, qa, kw, om, bh, eg, jo, lb, ps, iq, ma, tn, dz, ly, sd, sy, ye, us-cit, gb-cit, ca-cit, eu-cit, other",Turkey,Government,badge-gov,full,Full ride,Jan 10 – Feb 20 (annual),All nationalities,"Türkiye Bursları is the Turkish Government's fully funded scholarship for international students worldwide. Covers tuition, accommodation, monthly stipend, health insurance, flights, and one year of Turkish language training.",Undergraduate,"All fields (Engineering, Health Sciences, Humanities, Social Sciences, Sciences)",Min 70% high school GPA; 90%+ for Medical programs,Not required (1-year Turkish language course provided),Must be under 21 for undergraduate; must not hold Turkish citizenship; university placement provided,Passport | High school transcripts | Passport photo | Motivation letter | Recommendation letter (optional),Online via Türkiye Bursları Application System (TBBS),Fully covered,"Monthly stipend (~1,700 TRY for UG)",Round-trip airfare,Health insurance + accommodation + 1-year Turkish language course,"Competitive: ~57,000 applications, ~4,500 awards annually. University placement included — students do not need to apply to universities separately.",Very High,Yes (for degree duration),https://tbbs.turkiyeburslari.gov.tr/,Türkiye Bursları Application System,tbbs.turkiyeburslari.gov.tr,TRUE,verified,Official TBBS application portal,https://www.turkiyeburslari.gov.tr/
stipendium-hungaricum,Stipendium Hungaricum Scholarship (Hungary),Tempus Public Foundation / Hungarian Government,Hungary,AE,"ae, sa, qa, kw, om, bh, eg, jo, lb, ps, iq, ma, tn, dz, ly, sd, sy, ye, other",Hungary,Government,badge-gov,full,Full ride,Jan 15 (annual),Partner country nationals,"The Hungarian Government's fully funded scholarship for students from partner countries. Covers tuition, accommodation contribution, monthly stipend, and health insurance at 30+ Hungarian universities with ~800 English-taught programs.",Undergraduate,"All fields (~800 programs in English, Hungarian, German, French)",Must have completed secondary education; age 18+ by start date,Per university requirements (English-taught programs available),Must be citizen of a Stipendium Hungaricum partner country; cannot hold Hungarian citizenship,Passport | High school transcripts | Motivation letter | Medical certificate | Language proficiency proof | Recommendation letters,Online via DreamApply system + nominating body in home country,Fully covered,"Monthly stipend (43,700 HUF for non-doctoral)",Not included,Accommodation contribution + health insurance + Hungarian language course,Must apply through both the online system AND the national nominating body in your home country. Eligibility varies by sending partner country.,High,Yes (for degree duration),https://apply.stipendiumhungaricum.hu/,Stipendium Hungaricum Application Portal,apply.stipendiumhungaricum.hu,TRUE,verified,Official Stipendium Hungaricum application portal,https://stipendiumhungaricum.hu/
isdb-scholarship,Islamic Development Bank (IsDB) Scholarship Program,Islamic Development Bank,Saudi Arabia,AE,"ae, sa, qa, kw, om, bh, eg, jo, lb, ps, iq, ma, tn, dz, ly, sd, sy, ye, other","Turkey, Multiple",Government,badge-gov,full,Full ride (interest-free loan),Varies (via YTB for Turkey track),IsDB member country nationals,"The IsDB scholarship funds students from member countries for bachelor's degrees in Science and Technology fields. In Turkey, administered jointly with YTB. Structured as an interest-free loan (Qard-Hasan) repaid after graduation.",Undergraduate,Science and Technology subjects for development,Strong academic record,Per university requirements,"Citizen of IsDB member country; for bachelor's, scholarship is an interest-free loan repaid after graduation",Passport | Transcripts | Motivation letter | Recommendation letters,Online via Türkiye Bursları (for Turkey track) or IsDB portal,Fully covered,Monthly stipend,Not specified,University admission + accommodation,Bachelor's scholarship is structured as Qard-Hasan (interest-free loan) repaid in easy installments after graduation and employment.,High,Yes,https://www.turkiyeburslari.gov.tr/announcements/ytbisdb-joint-scholarship-program-2025-applications-116,YTB-IsDB Joint Scholarship (via Türkiye Bursları),turkiyeburslari.gov.tr,TRUE,verified,Official YTB-IsDB joint program announcement on Türkiye Bursları,https://www.isdb.org
mastercard-scholars,Mastercard Foundation Scholars Program,Mastercard Foundation,Multiple,EG,"eg, jo, lb, ps, iq, ma, tn, dz, ly, sd, sy, ye, other","United States, Canada, United Kingdom, Multiple",Foundation,badge-foundation,full,Full ride,Varies by partner university,Developing country nationals,"The Mastercard Foundation Scholars Program provides full scholarships at partner universities worldwide for academically talented yet economically disadvantaged young people, primarily from Africa and developing regions.",Undergraduate,All fields (varies by partner university),Strong academic record; demonstrated financial need,Per partner university requirements,From economically disadvantaged background; committed to giving back to community,Passport | Transcripts | Financial documentation | Personal statement | Recommendation letters,Via partner university application (each has own process),Fully covered,Living allowance,Flights covered,Mentorship + career support + community engagement,"Partner universities include Arizona State, McGill, University of Edinburgh, KNUST, and others. Each university manages its own selection process.",Very High,Yes (for degree duration),https://mastercardfdn.org/all/scholars/,Mastercard Foundation Scholars Program,mastercardfdn.org,TRUE,verified,Official Mastercard Foundation Scholars page,https://mastercardfdn.org
pearson-uoft,Lester B. Pearson International Scholarship (UofT),University of Toronto,Canada,AE,"ae, sa, qa, kw, om, bh, eg, jo, lb, ps, iq, ma, tn, dz, ly, sd, sy, ye, us-cit, gb-cit, ca-cit, eu-cit, other",Canada,University,badge-uni,full,Full ride,School nomination by Nov; student application by Jan,All int'l students,"The University of Toronto's most prestigious scholarship for exceptional international students. Covers tuition, books, incidental fees, and full residence support for four years of undergraduate study.",Undergraduate,All UofT undergraduate programs,Exceptional academic achievement; nominated by school,Per UofT admission requirements,Must be international student; must be nominated by their school; currently in final year of secondary school,School nomination form | UofT application | Transcripts | English proficiency scores | Personal profile,School nomination + UofT application via OUAC,Fully covered for 4 years,Books + incidental fees covered,Not specified,Full residence support for 4 years,"Two-stage process: school nominates student, then student applies. One of Canada's most prestigious undergraduate scholarships.",Very High,Yes (4 years),https://future.utoronto.ca/pearson/,UofT Lester B. Pearson Scholarship,future.utoronto.ca,TRUE,verified,Official UofT Pearson scholarship page,https://future.utoronto.ca/finances/scholarships/
ucl-global-ug,UCL Global Undergraduate Scholarship,University College London,United Kingdom,AE,"ae, sa, qa, kw, om, bh, eg, jo, lb, ps, iq, ma, tn, dz, ly, sd, sy, ye, other",United Kingdom,University,badge-uni,partial,"Partial (£5,000/yr)",Jul (annual),International students,"UCL's scholarship for high-achieving international undergraduate students, providing £5,000 per year toward tuition fees. Available across all UCL undergraduate programs.",Undergraduate,All UCL undergraduate programs,Strong academic record meeting UCL offer conditions,Per UCL admission requirements (IELTS 6.5–7.5),Must be classified as overseas fee-paying student; must hold a UCL offer,UCL offer holder | UCAS application | Transcripts | English proficiency scores,Automatic consideration for eligible UCL offer holders,"£5,000 per year toward tuition",Not included,Not included,Not included,No separate application — automatically considered based on UCAS application and academic performance.,High,Yes (subject to academic performance),https://www.ucl.ac.uk/scholarships/ucl-global-undergraduate-scholarship,UCL Global Undergraduate Scholarship,ucl.ac.uk,TRUE,verified,Official UCL scholarship page,https://www.ucl.ac.uk/scholarships
melbourne-intl-ug,Melbourne International Undergraduate Scholarship,University of Melbourne,Australia,AE,"ae, sa, qa, kw, om, bh, eg, jo, lb, ps, iq, ma, tn, dz, ly, sd, sy, ye, us-cit, gb-cit, ca-cit, eu-cit, other",Australia,University,badge-uni,partial,Up to 100% tuition,Rolling (with admission),All int'l students,"The University of Melbourne offers competitive scholarships for high-achieving international undergraduate students, covering up to 100% of tuition fees depending on academic merit.",Undergraduate,All Melbourne undergraduate programs,Outstanding academic achievement,Per UoM admission requirements (IELTS 6.5+),Must be international student; must apply for undergraduate admission at Melbourne,Passport | Transcripts | English proficiency scores | University application,Automatic consideration with undergraduate application,50% or 100% tuition fee remission,Not included,Not included,Not included,No separate scholarship application — automatically considered based on academic merit during admission.,Very High,Yes (subject to academic performance),https://scholarships.unimelb.edu.au/awards/melbourne-international-undergraduate-scholarship,University of Melbourne Scholarships,scholarships.unimelb.edu.au,TRUE,verified,Official UoM scholarship page,https://scholarships.unimelb.edu.au
ubc-intl-scholars,UBC International Scholars Program,University of British Columbia,Canada,AE,"ae, sa, qa, kw, om, bh, eg, jo, lb, ps, iq, ma, tn, dz, ly, sd, sy, ye, us-cit, gb-cit, ca-cit, eu-cit, other",Canada,University,badge-uni,full,Up to full ride,Jan 15 (with admission),All int'l students,"UBC's flagship scholarship program for outstanding international undergraduate students, offering awards from partial tuition to full cost of attendance including tuition, fees, living costs, and more.",Undergraduate,All UBC undergraduate programs,Exceptional academic achievement + community leadership,Per UBC admission requirements (IELTS 6.5+),Must be international student applying to UBC for the first time,UBC application | Transcripts | English proficiency scores | Personal profile | Reference letters,Via UBC undergraduate application (scholarship consideration included),Partial to full tuition + fees,May include living costs for top awards,Not specified,Renewable for 4 years,UBC International Scholars are selected during the admission review process. The Karen McKellin International Leader of Tomorrow Award is the top tier.,Very High,"Yes (4 years, subject to academic standing)",https://you.ubc.ca/financial-planning/scholarships-awards-international/,UBC International Scholarships,you.ubc.ca,TRUE,verified,Official UBC international scholarships page,https://you.ubc.ca/applying-ubc/
romania-gov,Romanian Government Scholarship,Romanian Ministry of Foreign Affairs,Romania,AE,"ae, sa, qa, kw, om, bh, eg, jo, lb, ps, iq, ma, tn, dz, ly, sd, sy, ye, other",Romania,Government,badge-gov,full,Full ride,Mar (annual),Non-EU nationals,"The Romanian Government offers fully funded scholarships for citizens of non-EU countries to pursue undergraduate studies at Romanian public universities, covering tuition, accommodation, and a monthly stipend.",Undergraduate,All fields available at Romanian public universities,Strong secondary school results,Romanian language preparatory year available,Must be citizen of non-EU country; must not already hold Romanian citizenship,Passport | Transcripts | Medical certificate | Birth certificate | Motivation letter,Via Romanian diplomatic missions in home country,Fully covered,Monthly stipend (65 EUR for UG),Not included,Accommodation + Romanian language preparatory year,Applications submitted through Romanian embassy or consulate in applicant's home country.,Medium,Yes,https://www.mae.ro/en/node/10251,Romanian Ministry of Foreign Affairs — Scholarships,mae.ro,TRUE,verified,Official Romanian MFA scholarships page,https://www.mae.ro
brunei-gov,Brunei Darussalam Government Scholarship,Government of Brunei Darussalam,Brunei,AE,"ae, sa, qa, kw, om, bh, eg, jo, lb, ps, iq, ma, tn, dz, ly, sd, sy, ye, other",Brunei,Government,badge-gov,full,Full ride,Feb (annual),All nationalities,"The Government of Brunei Darussalam offers fully funded scholarships for international students to study undergraduate programs at Brunei universities, covering tuition, monthly allowance, accommodation, and flights.",Undergraduate,All fields available at Brunei universities (varies annually),Good secondary school results,IELTS or equivalent (varies by program),Must be 18-25 years old; must be medically fit,Passport | Transcripts | Medical certificate | Recommendation letters | Passport photos,Via Brunei diplomatic missions or Ministry of Foreign Affairs,Fully covered,Monthly allowance (B$500 for UG),Return airfare,Accommodation + medical/dental benefits + annual book allowance,Applications typically through Brunei embassy in applicant's home country. Annual allowance and benefits provided.,Medium,Yes,https://www.mfa.gov.bn/Pages/bdgs.aspx,Brunei MFA — Government Scholarship,mfa.gov.bn,TRUE,verified,Official Brunei MFA scholarship page,https://www.mfa.gov.bn
russia-gov,Russian Government Scholarship (State Quota),Russian Government / Rossotrudnichestvo,Russia,AE,"ae, sa, qa, kw, om, bh, eg, jo, lb, ps, iq, ma, tn, dz, ly, sd, sy, ye, other",Russia,Government,badge-gov,full,Full ride,Varies by country (typically Feb–Apr),All nationalities,"The Russian Government allocates state-funded quota places for international students to study for free at Russian universities, covering tuition with optional preparatory Russian language year.",Undergraduate,All fields available at Russian state universities,Secondary school certificate,Russian language required (1-year prep course available); some English-taught programs exist,Must be citizen of eligible country,Passport | Transcripts | Medical certificate | HIV test results | Passport photos,"Via Rossotrudnichestvo or Russian embassy in home country, or via education-in-russia.com portal",Fully covered (state quota),Monthly stipend (small),Not included,Dormitory accommodation available + Russian language preparatory year,Applications via Russian diplomatic missions or Rossotrudnichestvo offices.,Medium,Yes,https://education-in-russia.com/,Education in Russia (Official Portal),education-in-russia.com,TRUE,verified,Official Russian government education portal for international students,https://education-in-russia.com/
warwick-global,Warwick Undergraduate Global Excellence Scholarship,University of Warwick,United Kingdom,AE,"ae, sa, qa, kw, om, bh, eg, jo, lb, ps, iq, ma, tn, dz, ly, sd, sy, ye, other",United Kingdom,University,badge-uni,full,Up to full tuition,Jan (UCAS deadline),International students,"The University of Warwick offers 250 scholarships ranging from full tuition to £2,000 for international undergraduate students across all subject areas.",Undergraduate,All subjects (excluding MBChB),Must hold a Warwick undergraduate offer,Per Warwick admission requirements,International fee-paying student; self-funded,UCAS application | Warwick offer | Scholarship application via portal,Via Warwick undergraduate scholarship portal (after receiving offer),"Full tuition to £2,000 (varies)",Not included,Not included,Not included,250 awards annually. Eligible applicants contacted after receiving admissions offer. Selection panels in Mar/Apr and May.,High,Yes (for degree duration),https://warwick.ac.uk/study/scholarships-and-bursaries/warwick-global-excellence-scholarship-2026/,Warwick Global Excellence Scholarship,warwick.ac.uk,TRUE,verified,Official Warwick scholarship page,https://warwick.ac.uk/study/scholarships-and-bursaries/
edinburgh-global,Edinburgh Global Undergraduate Scholarship,University of Edinburgh,United Kingdom,AE,"ae, sa, qa, kw, om, bh, eg, jo, lb, ps, iq, ma, tn, dz, ly, sd, sy, ye, other",United Kingdom,University,badge-uni,partial,"£5,000/yr",Feb (annual),International students,"The University of Edinburgh offers scholarships for overseas fee-paying undergraduate students, providing £5,000 per year toward tuition fees for the duration of the degree.",Undergraduate,All Edinburgh undergraduate programs,Must hold an Edinburgh undergraduate offer,Per Edinburgh admission requirements,Overseas fee-paying student,UCAS application | Edinburgh offer,Separate application via Edinburgh scholarship portal,"£5,000 per year",Not included,Not included,Not included,No separate application for some awards — automatically considered.,High,Yes (for degree duration),https://www.ed.ac.uk/student-funding/undergraduate/international/global,Edinburgh Global UG Scholarship,ed.ac.uk,TRUE,verified,Official Edinburgh scholarship page,https://www.ed.ac.uk/student-funding
bristol-think-big,University of Bristol Think Big Scholarship,University of Bristol,United Kingdom,AE,"ae, sa, qa, kw, om, bh, eg, jo, lb, ps, iq, ma, tn, dz, ly, sd, sy, ye, other",United Kingdom,University,badge-uni,partial,"£5,000–£20,000",Mar (annual),International students,"The University of Bristol Think Big scholarships provide fee reductions of £5,000 to £20,000 per year for high-achieving international undergraduate students.",Undergraduate,All Bristol undergraduate programs,Strong academic record; must hold Bristol offer,Per Bristol admission requirements,International fee-paying student,UCAS application | Bristol offer | Scholarship application form,Online application after receiving Bristol offer,"£5,000–£20,000 per year",Not included,Not included,Not included,Multiple award levels based on academic merit.,High,Yes (for degree duration),https://www.bristol.ac.uk/fees-funding/awards/think-big-scholarships/,Bristol Think Big Scholarships,bristol.ac.uk,TRUE,verified,Official Bristol scholarship page,https://www.bristol.ac.uk/fees-funding/
manchester-global,University of Manchester Global Futures Scholarship,University of Manchester,United Kingdom,AE,"ae, sa, qa, kw, om, bh, eg, jo, lb, ps, iq, ma, tn, dz, ly, sd, sy, ye, other",United Kingdom,University,badge-uni,partial,"£5,000/yr",Varies,International students,"The University of Manchester offers Global Futures scholarships providing £5,000 per year toward tuition fees for international undergraduate students.",Undergraduate,All Manchester undergraduate programs,Strong academic record; must hold Manchester offer,Per Manchester admission requirements,International fee-paying student,UCAS application | Manchester offer,Automatic consideration with admission,"£5,000 per year",Not included,Not included,Not included,Automatically considered during admissions process.,High,Yes (subject to academic performance),https://www.manchester.ac.uk/study/undergraduate/fees-and-funding/scholarships-and-bursaries/,Manchester UG Scholarships,manchester.ac.uk,TRUE,verified,Official Manchester fees and funding page,https://www.manchester.ac.uk/study/undergraduate/
toronto-scholars,University of Toronto Scholars Program,University of Toronto,Canada,AE,"ae, sa, qa, kw, om, bh, eg, jo, lb, ps, iq, ma, tn, dz, ly, sd, sy, ye, us-cit, gb-cit, ca-cit, eu-cit, other",Canada,University,badge-uni,partial,"$5,000–$40,000",Jan 15 (with admission),All nationalities,"UofT automatically considers all undergraduate applicants for entrance scholarships ranging from $5,000 to $40,000 based on academic merit. No separate application required.",Undergraduate,All UofT undergraduate programs,Strong academic record,Per UofT admission requirements,Must apply for UofT undergraduate admission,OUAC application | Transcripts | English proficiency scores,Automatic with undergraduate admission application,"$5,000–$40,000 per year",Not included,Not included,Not included,Separate from the Pearson Scholarship. Automatically assessed during admission.,High,Yes (subject to GPA),https://future.utoronto.ca/finances/scholarships/,UofT Scholarships,future.utoronto.ca,TRUE,verified,Official UofT scholarships page,https://future.utoronto.ca/
mcgill-entrance,McGill University Entrance Scholarships,McGill University,Canada,AE,"ae, sa, qa, kw, om, bh, eg, jo, lb, ps, iq, ma, tn, dz, ly, sd, sy, ye, us-cit, gb-cit, ca-cit, eu-cit, other",Canada,University,badge-uni,partial,"$3,000–$12,000/yr",Jan 15 (with admission),All nationalities,"McGill automatically considers all undergraduate applicants for renewable entrance scholarships up to $12,000 per year based on academic performance. No separate application required.",Undergraduate,All McGill undergraduate programs,Outstanding academic record (typically top percentile),Per McGill admission requirements,Must apply for McGill undergraduate admission; automatically assessed,McGill application | Transcripts | English proficiency scores,Automatic with admission application,"$3,000–$12,000 per year",Not included,Not included,Not included,One-time entrance scholarships and Major Entrance Scholarships both available. Automatically assessed.,Very High,Yes (subject to GPA),https://www.mcgill.ca/undergraduate-admissions/finances/scholarships,McGill Undergraduate Scholarships,mcgill.ca,TRUE,verified,Official McGill undergraduate scholarships page,https://www.mcgill.ca/undergraduate-admissions/
waterloo-entrance,University of Waterloo International Entrance Scholarships,University of Waterloo,Canada,AE,"ae, sa, qa, kw, om, bh, eg, jo, lb, ps, iq, ma, tn, dz, ly, sd, sy, ye, us-cit, gb-cit, ca-cit, eu-cit, other",Canada,University,badge-uni,partial,"$10,000–$25,000",Feb 1 (with admission),All nationalities,"The University of Waterloo offers merit-based entrance scholarships for international undergraduate students, including the President's Scholarship of Distinction ($10,000).",Undergraduate,"All Waterloo undergraduate programs (Engineering, Math, CS, Science, Arts)",Outstanding academic record; 90%+ admission average typical,Per Waterloo admission requirements (IELTS 6.5+),International student applying to Waterloo for first time,OUAC application | Transcripts | AIF (Admission Information Form) | English proficiency scores,Automatic with admission + AIF submission,"$10,000–$25,000 (varies)",Not included,Not included,Not included,"President's Scholarship of Distinction ($10,000) for 95%+ average. Additional faculty-specific awards available.",Very High,Subject to maintaining high GPA,https://uwaterloo.ca/future-students/financing/scholarships,Waterloo Scholarships,uwaterloo.ca,TRUE,verified,Official Waterloo scholarships page,https://uwaterloo.ca/future-students/
sydney-intl,University of Sydney International Scholarships,University of Sydney,Australia,AE,"ae, sa, qa, kw, om, bh, eg, jo, lb, ps, iq, ma, tn, dz, ly, sd, sy, ye, us-cit, gb-cit, ca-cit, eu-cit, other",Australia,University,badge-uni,partial,"Up to $40,000/yr",Rolling (with admission),All int'l students,"The University of Sydney offers competitive merit-based scholarships for international undergraduate students, covering up to $40,000 per year in tuition fee reduction.",Undergraduate,All Sydney undergraduate programs,Outstanding academic record,Per USyd admission requirements (IELTS 6.5+),International student; must apply for USyd admission,University application | Transcripts | English proficiency scores,Automatic consideration with admission application,"Up to $40,000/yr tuition reduction",Not included,Not included,Not included,No separate application — automatically considered during admission review.,Very High,Yes (subject to academic performance),https://www.sydney.edu.au/scholarships/domestic/bachelors-honours.html,University of Sydney Scholarships,sydney.edu.au,TRUE,verified,Official USyd scholarships page,https://www.sydney.edu.au/scholarships/
anu-intl,ANU International Undergraduate Scholarship,Australian National University,Australia,AE,"ae, sa, qa, kw, om, bh, eg, jo, lb, ps, iq, ma, tn, dz, ly, sd, sy, ye, us-cit, gb-cit, ca-cit, eu-cit, other",Australia,University,badge-uni,partial,25–50% tuition,Rolling (with admission),All int'l students,ANU offers merit-based international scholarships providing 25% to 50% tuition fee reduction for high-achieving international undergraduate students.,Undergraduate,All ANU undergraduate programs,Outstanding academic record,Per ANU admission requirements (IELTS 6.5+),International student applying to ANU,ANU application | Transcripts | English proficiency scores,Automatic consideration with admission application,25–50% tuition reduction,Not included,Not included,Not included,No separate application needed. Automatically assessed.,High,Yes,https://www.anu.edu.au/study/scholarships/find-a-scholarship,ANU Scholarships,anu.edu.au,TRUE,verified,Official ANU scholarship finder,https://www.anu.edu.au/study/scholarships/
koc-scholarship,Koç University Scholarships (Turkey),Koç University,Turkey,AE,"ae, sa, qa, kw, om, bh, eg, jo, lb, ps, iq, ma, tn, dz, ly, sd, sy, ye, us-cit, gb-cit, ca-cit, eu-cit, other",Turkey,University,badge-uni,full,Up to full ride,Jan (annual),All nationalities,"Koç University in Istanbul offers merit-based scholarships for international undergraduate students including full tuition, accommodation, and monthly stipend for top performers.",Undergraduate,"Engineering, Business, Sciences, Social Sciences, Law, Nursing",Outstanding academic record; SAT/IB/A-Level results considered,IELTS 6.5+ or TOEFL 90+,International student,Transcripts | SAT/IB/A-Level results | English proficiency scores | Recommendation letters | Personal essay,Via Koç University online application,25% to 100% tuition waiver,Monthly stipend (for full scholarship),Not included,Accommodation (for full scholarship),Multiple scholarship tiers based on academic performance. English-medium instruction.,Very High,Yes (subject to GPA),https://www.ku.edu.tr/en/undergraduate-admission/,Koç University Undergraduate Admission,ku.edu.tr,TRUE,verified,Official Koç University admission page,https://www.ku.edu.tr/en/
sabanci-scholarship,Sabancı University Scholarships (Turkey),Sabancı University,Turkey,AE,"ae, sa, qa, kw, om, bh, eg, jo, lb, ps, iq, ma, tn, dz, ly, sd, sy, ye, us-cit, gb-cit, ca-cit, eu-cit, other",Turkey,University,badge-uni,full,Up to full ride,Rolling,All nationalities,"Sabancı University in Istanbul offers merit-based scholarships for international undergraduate students covering tuition, accommodation, and living expenses.",Undergraduate,"Engineering, Natural Sciences, Social Sciences, Management",Outstanding academic record; competitive exam scores,IELTS 6.5+ or TOEFL 87+,International student,Transcripts | SAT/IB/A-Level results | English proficiency scores | Recommendation letters,Via Sabancı University online application,25% to 100% tuition waiver,Monthly stipend (for top awards),Not included,Accommodation (for full scholarship),English-medium instruction. Multiple award tiers.,High,Yes (subject to GPA),https://www.sabanciuniv.edu/en/undergraduate-admission,Sabancı University Admission,sabanciuniv.edu,TRUE,verified,Official Sabancı admission page,https://www.sabanciuniv.edu/en/
bilkent-scholarship,Bilkent University Scholarships (Turkey),Bilkent University,Turkey,AE,"ae, sa, qa, kw, om, bh, eg, jo, lb, ps, iq, ma, tn, dz, ly, sd, sy, ye, us-cit, gb-cit, ca-cit, eu-cit, other",Turkey,University,badge-uni,full,Up to full ride,Jun (annual),All nationalities,"Bilkent University in Ankara offers generous merit-based scholarships for international undergraduate students, with a high percentage of students receiving tuition waivers.",Undergraduate,"Engineering, Business, Sciences, Social Sciences, Music, Law",Strong academic record,IELTS 6.5+ or TOEFL 87+ (English prep year available),International student,Transcripts | SAT/IB/A-Level results | English proficiency scores,Via Bilkent University online application,25% to 100% tuition waiver,Monthly stipend + dormitory (for full scholarship),Not included,Accommodation available,One of Turkey's top private universities. English-medium instruction.,High,Yes (subject to GPA),https://w3.bilkent.edu.tr/bilkent/admissions/,Bilkent University Admissions,bilkent.edu.tr,TRUE,verified,Official Bilkent admissions page,https://w3.bilkent.edu.tr/bilkent/
leiden-excellence,Leiden University Excellence Scholarship (LExS),Leiden University,Netherlands,AE,"ae, sa, qa, kw, om, bh, eg, jo, lb, ps, iq, ma, tn, dz, ly, sd, sy, ye, other",Netherlands,University,badge-uni,partial,"€5,000–€15,000/yr",Feb 1 (annual),Non-EU students,"Leiden University offers the LExS scholarship for excellent non-EU undergraduate students providing €5,000 to €15,000 per year or full tuition fee waiver for exceptional candidates.",Undergraduate,All Leiden undergraduate programs,Excellent academic record; must hold Leiden admission,Per Leiden admission requirements,Non-EU/EEA nationality; must be admitted to Leiden,Leiden application | Transcripts | Motivation letter | CV,Via Leiden University scholarship application,"€5,000–€15,000/yr or full tuition waiver",Not included,Not included,Not included,"Three award levels: €5,000/yr, €10,000/yr, or full tuition minus statutory fees.",Very High,Yes (subject to academic performance),https://www.universiteitleiden.nl/en/education/admission-and-application/bachelors/financial-matters/scholarships-and-grants/lexs,Leiden University LExS Scholarship,universiteitleiden.nl,TRUE,verified,Official Leiden LExS page,https://www.universiteitleiden.nl/en/education/
groningen-talent,University of Groningen Talent Scholarship,University of Groningen,Netherlands,AE,"ae, sa, qa, kw, om, bh, eg, jo, lb, ps, iq, ma, tn, dz, ly, sd, sy, ye, other",Netherlands,University,badge-uni,partial,Up to full tuition,Jan 15 (annual),Non-EU students,The University of Groningen Eric Bleumink Fund and talent grants provide fee waivers of up to full tuition for exceptional non-EU undergraduate students.,Undergraduate,All Groningen undergraduate programs,Excellent academic record,Per Groningen admission requirements,Non-EU/EEA nationality,Application | Transcripts | Motivation letter | CV | Recommendation letters,Via Groningen online application system,Partial to full tuition waiver,Not included,Not included,Not included,Multiple scholarship options including Eric Bleumink Fund.,Very High,Yes,https://www.rug.nl/education/scholarships,University of Groningen Scholarships,rug.nl,TRUE,verified,Official Groningen scholarships page,https://www.rug.nl/education/
tu-delft-excellence,TU Delft Excellence Scholarship,Delft University of Technology,Netherlands,AE,"ae, sa, qa, kw, om, bh, eg, jo, lb, ps, iq, ma, tn, dz, ly, sd, sy, ye, other",Netherlands,University,badge-uni,partial,"Full tuition or €5,000/yr",Dec 1 (annual),Non-EU students,"TU Delft offers the Justus & Louise van Effen Excellence Scholarship providing tuition fee coverage or €5,000/yr for outstanding non-EU undergraduate students in STEM programs.",Undergraduate,"Engineering, Computer Science, Applied Sciences, Architecture",Excellent academic record; top 10% of class,Per TU Delft admission requirements (IELTS 6.0+),Non-EU/EEA nationality; must be admitted to TU Delft BSc program,TU Delft application | Transcripts | Motivation letter | CV,Via TU Delft scholarship application (after admission),"Full tuition waiver or €5,000/yr",Not included,Not included,Not included,"Two award tiers: full tuition minus statutory fee, or €5,000/yr.",Very High,Yes (subject to progress),https://www.tudelft.nl/en/education/practical-matters/scholarships,TU Delft Scholarships,tudelft.nl,TRUE,verified,Official TU Delft scholarships page,https://www.tudelft.nl/en/education/
utm-intl,University of Toronto Mississauga International Scholarship,University of Toronto Mississauga,Canada,AE,"ae, sa, qa, kw, om, bh, eg, jo, lb, ps, iq, ma, tn, dz, ly, sd, sy, ye, us-cit, gb-cit, ca-cit, eu-cit, other",Canada,University,badge-uni,partial,"$2,000–$10,000",Jan 15 (with admission),All int'l students,"UTM offers merit-based entrance scholarships for international undergraduate students, automatically assessed during the admission process.",Undergraduate,All UTM undergraduate programs,Strong academic record,Per UofT admission requirements,International student applying to UTM,OUAC application | Transcripts | English proficiency scores,Automatic with admission application,"$2,000–$10,000",Not included,Not included,Not included,Automatically assessed. Part of UofT system.,High,Subject to GPA,https://www.utm.utoronto.ca/future-students/finances/scholarships,UTM Scholarships,utm.utoronto.ca,TRUE,verified,Official UTM scholarships page,https://www.utm.utoronto.ca/future-students/
monash-intl,Monash International Merit Scholarship,Monash University,Australia,AE,"ae, sa, qa, kw, om, bh, eg, jo, lb, ps, iq, ma, tn, dz, ly, sd, sy, ye, us-cit, gb-cit, ca-cit, eu-cit, other",Australia,University,badge-uni,partial,"$10,000/yr",Rolling (with admission),All int'l students,"Monash University offers merit-based scholarships providing $10,000 per year in tuition fee reduction for international undergraduate students with outstanding academic records.",Undergraduate,All Monash undergraduate programs,Outstanding academic record,Per Monash admission requirements (IELTS 6.5+),International student,Monash application | Transcripts | English proficiency scores,Automatic consideration with admission application,"$10,000/yr tuition reduction",Not included,Not included,Not included,No separate application — automatically considered.,High,Yes (subject to performance),https://www.monash.edu/study/fees-scholarships/scholarships,Monash Scholarships,monash.edu,TRUE,verified,Official Monash scholarships page,https://www.monash.edu/study/
unsw-intl,UNSW International Scholarships,University of New South Wales,Australia,AE,"ae, sa, qa, kw, om, bh, eg, jo, lb, ps, iq, ma, tn, dz, ly, sd, sy, ye, us-cit, gb-cit, ca-cit, eu-cit, other",Australia,University,badge-uni,partial,"$5,000–$20,000/yr",Rolling (with admission),All int'l students,"UNSW Sydney offers merit-based international scholarships providing $5,000 to $20,000 per year for high-achieving international undergraduate students.",Undergraduate,"All UNSW undergraduate programs (Engineering, Business, Science, Arts, Law)",Outstanding academic record,Per UNSW admission requirements (IELTS 6.5+),International student,UNSW application | Transcripts | English proficiency scores,Automatic consideration with admission application,"$5,000–$20,000/yr tuition reduction",Not included,Not included,Not included,No separate application. Automatically assessed during admission.,High,Yes (subject to academic performance),https://www.unsw.edu.au/study/fees-scholarships/scholarships,UNSW Scholarships,unsw.edu.au,TRUE,verified,Official UNSW scholarships page,https://www.unsw.edu.au/study/
queens-intl,Queen's University International Entrance Scholarship,Queen's University,Canada,AE,"ae, sa, qa, kw, om, bh, eg, jo, lb, ps, iq, ma, tn, dz, ly, sd, sy, ye, us-cit, gb-cit, ca-cit, eu-cit, other",Canada,University,badge-uni,partial,"$5,000–$36,000",Feb 1 (with admission),All int'l students,"Queen's University offers merit-based entrance scholarships for international undergraduate students ranging from $5,000 to $36,000, automatically assessed during admission.",Undergraduate,All Queen's undergraduate programs,Strong academic record; 90%+ admission average typical for top awards,Per Queen's admission requirements,International student applying to Queen's,OUAC application | Transcripts | Personal Statement of Experience,Automatic with admission + PSE form,"$5,000–$36,000",Not included,Not included,Not included,"Chancellor's International Scholarship ($36,000 over 4 years) is the top award.",Very High,Subject to GPA,https://www.queensu.ca/admission/tuition-aid/scholarships-awards,Queen's Scholarships,queensu.ca,TRUE,verified,Official Queen's scholarships page,https://www.queensu.ca/admission/
western-intl,Western University International Entrance Scholarships,Western University,Canada,AE,"ae, sa, qa, kw, om, bh, eg, jo, lb, ps, iq, ma, tn, dz, ly, sd, sy, ye, us-cit, gb-cit, ca-cit, eu-cit, other",Canada,University,badge-uni,partial,"$5,000–$20,000",Jan 15 (with admission),All int'l students,"Western University offers merit-based entrance scholarships for international undergraduate students including the International President's Entrance Scholarship ($10,000+).",Undergraduate,All Western undergraduate programs,Strong academic record; 90%+ for top awards,Per Western admission requirements,International student,OUAC application | Transcripts | English proficiency scores,Automatic with admission application,"$5,000–$20,000",Not included,Not included,Not included,"International President's Entrance Scholarship is $10,000 for first year. Additional awards available.",High,Subject to GPA,https://welcome.uwo.ca/admissions/finances-awards-scholarships/index.html,Western Finances & Scholarships,welcome.uwo.ca,TRUE,verified,Official Western admissions finances page,https://welcome.uwo.ca/
imperial-presidents,Imperial College London President's Undergraduate Scholarship,Imperial College London,United Kingdom,AE,"ae, sa, qa, kw, om, bh, eg, jo, lb, ps, iq, ma, tn, dz, ly, sd, sy, ye, other",United Kingdom,University,badge-uni,partial,"Up to £10,000/yr",Jan (with UCAS),International students,"Imperial College London offers the President's Undergraduate Scholarships providing up to £10,000 per year toward tuition fees for high-achieving international undergraduate students in STEM.",Undergraduate,"Engineering, Sciences, Medicine, Business",Outstanding academic record; must hold Imperial offer,Per Imperial admission requirements,Overseas fee-paying student,UCAS application | Imperial offer | Scholarship application,Via Imperial scholarship application (after receiving offer),"Up to £10,000/yr toward tuition",Not included,Not included,Not included,Automatically considered for some awards; separate application for others.,Very High,Yes (subject to academic performance),https://www.imperial.ac.uk/study/fees-and-funding/undergraduate-tuition-fees/scholarships-and-bursaries/,Imperial UG Scholarships,imperial.ac.uk,TRUE,verified,Official Imperial scholarships page,https://www.imperial.ac.uk/study/
kings-intl,King's College London Global Scholarship,King's College London,United Kingdom,AE,"ae, sa, qa, kw, om, bh, eg, jo, lb, ps, iq, ma, tn, dz, ly, sd, sy, ye, other",United Kingdom,University,badge-uni,partial,Varies,Jan (with UCAS),International students,King's College London offers scholarships for international undergraduate students including fee reductions and merit-based awards across all faculties.,Undergraduate,All King's undergraduate programs,Outstanding academic record; must hold King's offer,Per King's admission requirements,Overseas fee-paying student,UCAS application | King's offer,Via King's scholarship portal (varies by award),Varies by award,Not included,Not included,Not included,Multiple award types available. Check King's funding database for specific awards.,High,Varies by award,https://www.kcl.ac.uk/study/undergraduate/fees-and-funding/scholarships,King's UG Scholarships,kcl.ac.uk,TRUE,verified,Official King's scholarships page,https://www.kcl.ac.uk/study/undergraduate/
azerbaijan-gov,Azerbaijan Government Scholarship,Republic of Azerbaijan,Azerbaijan,AE,"ae, sa, qa, kw, om, bh, eg, jo, lb, ps, iq, ma, tn, dz, ly, sd, sy, ye, other",Azerbaijan,Government,badge-gov,full,Full ride,Mar–Apr (annual),Test,The Government of Azerbaijan offers fully funded scholarships for international students to study undergraduate programs at Azerbaijani universities through bilateral agreements.,Undergraduate,All fields at partner universities,Strong secondary school results,Azerbaijani or English (preparatory year available),Must be citizen of partner country,Passport | Transcripts | Medical certificate | Motivation letter,Via Azerbaijani embassy or education.gov.az,Fully covered,Monthly stipend,Not specified,Accommodation support,Applications typically through Azerbaijani diplomatic missions.,Medium,Yes,https://edu.gov.az/en,Azerbaijan Ministry of Education,edu.gov.az,TRUE,verified,Official Azerbaijan MOE website,https://edu.gov.az/en